{"manifestVersion":"1.1","info":{"id":"TSqlFormatter.SSMS.c47a9b21-2692-47d6-972a-976544685f0f,version=1.7.0","manifestType":"Extension"},"packages":[{"id":"Component.TSqlFormatter.SSMS.c47a9b21-2692-47d6-972a-976544685f0f","version":"1.7.0","type":"Component","extension":true,"automaticallyAddedByExtensionPack":false,"dependencies":{"TSqlFormatter.SSMS.c47a9b21-2692-47d6-972a-976544685f0f":"1.7.0","Microsoft.VisualStudio.Component.CoreEditor":"17.0"},"localizedResources":[{"language":"en-US","title":"T-SQL Formatter","description":"A simple T-SQL formatting extension for SQL Server Management Studio."}]},{"id":"TSqlFormatter.SSMS.c47a9b21-2692-47d6-972a-976544685f0f","version":"1.7.0","type":"Vsix","payloads":[{"fileName":"TSqlFormatter.SSMS.vsix","size":159018}],"vsixId":"TSqlFormatter.SSMS.c47a9b21-2692-47d6-972a-976544685f0f","extensionDir":"[installdir]\\Common7\\IDE\\Extensions\\lxeng1gw.q3b","installSizes":{"targetDrive":365545}}]}